학교명,등급,소재지지번주소,Latitude,Longitude,건물등급
서전주중학교 강당/급식소/교사,B등급,전라북도 전주시 완산구 거마평로 205 서전주중학교,35.8103054,127.1127264,
서전주중학교 교사,B등급,전라북도 전주시 완산구 거마평로 205 서전주중학교,35.8103054,127.1127264,
전라고등학교 전라고등학교 10동(기숙사),B등급,전라북도 전주시 덕진구 솔내7길 25 전라고등학교,35.8599663,127.1248906,
전라고등학교 전라고등학교 1동(본관),B등급,전라북도 전주시 덕진구 솔내7길 25 전라고등학교,35.8599663,127.1248906,
"전라고등학교 전라고등학교 2동(강당, 급식소)",B등급,전라북도 전주시 덕진구 솔내7길 25 전라고등학교,35.8599663,127.1248906,
전라고등학교 전라고등학교 6동(학습동),B등급,전라북도 전주시 덕진구 솔내7길 25 전라고등학교,35.8599663,127.1248906,
전라고등학교 전라고등학교 7동(정진관),B등급,전라북도 전주시 덕진구 솔내7길 25 전라고등학교,35.8599663,127.1248906,
전라북도교육문화회관 공연장동,B등급,전라북도 전주시 덕진구 안덕원로 71,35.8291331,127.1378158,
전라북도교육문화회관 본관동,B등급,전라북도 전주시 덕진구 안덕원로 71 전북교육문화회관,35.8291925,127.1375569,
전라북도교육문화회관 예능관동,B등급,전라북도 전주시 덕진구 안덕원로 71 전북교육문화회관,35.8291925,127.1375569,
전라북도교육문화회관 체육관동,B등급,전라북도 전주시 덕진구 안덕원로 71 전북교육문화회관,35.8291925,127.1375569,
전라북도교육연구정보원 청사,A등급,전라북도 전주시 덕진구 안덕원로 191 전라북도과학교육원,35.8360812,127.1472577,
전라북도완주교육지원청 완주교육지원청,B등급,전라북도 전주시 덕진구 모래내6길 17 완주교육청,35.8351919,127.1452227,
전라북도전주교육지원청 영재교육원,B등급,전라북도 전주시 덕진구 태진로 100,35.830294,127.1368049,
전라북도전주교육지원청 청사,B등급,전라북도 전주시 덕진구 태진로 100 전주시교육청,35.8303723,127.1365045,
전라중학교 교사3동,B등급,전라북도 전주시 덕진구 들사평1길 39 전라중학교,35.8379049,127.1233258,
전북대 건지아트홀및휴게동,B등급,전라북도 전주시 덕진구 백제대로 567,35.844182,127.1292776,
전북대 공과대학 4호관,C등급,전라북도 전주시 덕진구 백제대로 567,35.844182,127.1292776,
전북대 공과대학 8호관,B등급,전라북도 전주시 덕진구 백제대로 567,35.844182,127.1292776,
전북대 공과대학1호관,C등급,전라북도 전주시 덕진구 백제대로 567,35.844182,127.1292776,
전북대 공과대학2호관,C등급,전라북도 전주시 덕진구 백제대로 567,35.844182,127.1292776,
전북대 공과대학3호관,C등급,전라북도 전주시 덕진구 백제대로 567,35.844182,127.1292776,
전북대 공과대학5호관,B등급,전라북도 전주시 덕진구 백제대로 567,35.844182,127.1292776,
전북대 공과대학6호관,B등급,전라북도 전주시 덕진구 백제대로 567,35.844182,127.1292776,
전북대 공과대학7호관,불명,전라북도 전주시 덕진구 백제대로 567,35.844182,127.1292776,
전북대 공대부속공장,B등급,전라북도 전주시 덕진구 백제대로 567,35.844182,127.1292776,
전북대 글로벌인재관(구학습도서관),C등급,전라북도 전주시 덕진구 백제대로 567,35.844182,127.1292776,
전북대 농과대학1호관,불명,전라북도 전주시 덕진구 백제대로 567,35.844182,127.1292776,
전북대 농과대학2호관,불명,전라북도 전주시 덕진구 백제대로 567,35.844182,127.1292776,
전북대 농과대학3호관,불명,전라북도 전주시 덕진구 백제대로 567,35.844182,127.1292776,
전북대 농과대학4호관,불명,전라북도 전주시 덕진구 백제대로 567,35.844182,127.1292776,
전북대 농대본관,불명,전라북도 전주시 덕진구 백제대로 567,35.844182,127.1292776,
전북대 농대본관(농업과학기술연구소),불명,전라북도 전주시 덕진구 백제대로 567,35.844182,127.1292776,
전북대 농대시설재배온실,불명,전라북도 전주시 덕진구 백제대로 567,35.844182,127.1292776,
전북대 대학본부(별관포함),C등급,전라북도 전주시 덕진구 백제대로 567,35.844182,127.1292776,
전북대 동아리전용관,B등급,전라북도 전주시 덕진구 백제대로 567,35.844182,127.1292776,
전북대 반도체물성연구소,B등급,전라북도 전주시 덕진구 백제대로 567,35.844182,127.1292776,
전북대 변전실,불명,전라북도 전주시 덕진구 백제대로 567,35.844182,127.1292776,
전북대 사대부고(본관),불명,전라북도 전주시 덕진구 백제대로 567 전북대학교,35.8441821,127.1292777,
전북대 사대부고생활관,불명,전라북도 전주시 덕진구 백제대로 567 전북대학교,35.8441821,127.1292777,
전북대 사대부고체육관,불명,전라북도 전주시 덕진구 백제대로 567 전북대학교,35.8441821,127.1292777,
전북대 사범대 과학관,C등급,전라북도 전주시 덕진구 백제대로 567,35.844182,127.1292776,
전북대 사범대 본관,C등급,전라북도 전주시 덕진구 백제대로 567,35.844182,127.1292776,
전북대 사회과학대학,B등급,전라북도 전주시 덕진구 백제대로 567,35.844182,127.1292776,
전북대 산학협련단별관,B등급,전라북도 전주시 덕진구 백제대로 567,35.844182,127.1292776,
전북대 상과대학 1호관,C등급,전라북도 전주시 덕진구 백제대로 567,35.844182,127.1292776,
전북대 상과대학 2호관,불명,전라북도 전주시 덕진구 백제대로 567,35.844182,127.1292776,
전북대 생활과학대학,B등급,전라북도 전주시 덕진구 백제대로 567,35.844182,127.1292776,
전북대 생활관 3호관(진리관),C등급,전라북도 전주시 덕진구 백제대로 567,35.844182,127.1292776,
전북대 생활관 5호관(대동관),B등급,전라북도 전주시 덕진구 백제대로 567,35.844182,127.1292776,
전북대 생활관 관리동,B등급,전라북도 전주시 덕진구 백제대로 567,35.844182,127.1292776,
전북대 언어교육원,C등급,전라북도 전주시 덕진구 백제대로 567,35.844182,127.1292776,
전북대 예술대 미술관,C등급,전라북도 전주시 덕진구 백제대로 567,35.844182,127.1292776,
전북대 예술대 예체능관,C등급,전라북도 전주시 덕진구 백제대로 567,35.844182,127.1292776,
전북대 예술대학 2호관,C등급,전라북도 전주시 덕진구 백제대로 567,35.844182,127.1292776,
전북대 예술대학 본관,B등급,전라북도 전주시 덕진구 백제대로 567,35.844182,127.1292776,
전북대 의과대학1호관,C등급,전라북도 전주시 덕진구 건지로 20,35.8471872,127.1405894,
전북대 의과대학2호관,C등급,전라북도 전주시 덕진구 건지로 20,35.8471872,127.1405894,
전북대 의학계 학생회관,B등급,전라북도 전주시 덕진구 건지로 20,35.8471872,127.1405894,
전북대 의학계도서관,C등급,전라북도 전주시 덕진구 건지로 20,35.8471872,127.1405894,
전북대 인문과학대학 1호관,B등급,전라북도 전주시 덕진구 백제대로 567,35.844182,127.1292776,
전북대 인문과학대학 2호관,C등급,전라북도 전주시 덕진구 백제대로 567,35.844182,127.1292776,
전북대 자연과학대학 1호관,불명,전라북도 전주시 덕진구 백제대로 567,35.844182,127.1292776,
전북대 자연과학대학 2호관,불명,전라북도 전주시 덕진구 백제대로 567,35.844182,127.1292776,
전북대 자연과학대학 3호관,불명,전라북도 전주시 덕진구 백제대로 567,35.844182,127.1292776,
전북대 자연과학대학 4호관,불명,전라북도 전주시 덕진구 백제대로 567,35.844182,127.1292776,
전북대 자연과학대학 5호관,불명,전라북도 전주시 덕진구 백제대로 567,35.844182,127.1292776,
전북대 자연과학대학 본관,불명,전라북도 전주시 덕진구 백제대로 567,35.844182,127.1292776,
전북대 자연사박물관,불명,전라북도 전주시 덕진구 백제대로 567,35.844182,127.1292776,
전북대 정보전산원 교육동,B등급,전라북도 전주시 덕진구 백제대로 567,35.844182,127.1292776,
전북대 정보전산원 본부동,B등급,전라북도 전주시 덕진구 백제대로 567,35.844182,127.1292776,
전북대 제1학생회관,불명,전라북도 전주시 덕진구 백제대로 567,35.844182,127.1292776,
전북대 제2도서관(구중앙도서관 본관),C등급,전라북도 전주시 덕진구 백제대로 567,35.844182,127.1292776,
전북대 제2학생회관,불명,전라북도 전주시 덕진구 백제대로 567,35.844182,127.1292776,
전북대 제2후생관,B등급,전라북도 전주시 덕진구 백제대로 567,35.844182,127.1292776,
전북대 체육관,C등급,전라북도 전주시 덕진구 백제대로 567,35.844182,127.1292776,
전북대 치과대학 2호관,B등급,전라북도 전주시 덕진구 건지로 20,35.8471872,127.1405894,
전북대 치과대학 3호관(수의과대학 본관),B등급,전라북도 전주시 덕진구 건지로 20,35.8471872,127.1405894,
전북대 치과대학 본관,C등급,전라북도 전주시 덕진구 건지로 20,35.8471872,127.1405894,
전북대 치과대학 의학계열공용관(동물병원 전주캠),B등급,전라북도 전주시 덕진구 건지로 20,35.8471872,127.1405894,
전북대 평생교육원,C등급,전라북도 전주시 덕진구 백제대로 567,35.844182,127.1292776,
전북대 학습도서관(구중앙도서관 별관),C등급,전라북도 전주시 덕진구 백제대로 567,35.844182,127.1292776,
전북대 합동강의실(전대학술문화관),C등급,전라북도 전주시 덕진구 백제대로 567,35.844182,127.1292776,
전북대 후생관(제1후생관),C등급,전라북도 전주시 덕진구 백제대로 567,35.844182,127.1292776,
전북대학교병원 교수연구동,B등급,전라북도 전주시 덕진구 건지로 20,35.8471872,127.1405894,
전북대학교병원 장례식장,B등급,전라북도 전주시 덕진구 건지로 20,35.8471872,127.1405894,
전북대학교병원 치과병원,B등급,전라북도 전주시 덕진구 건지로 20,35.8471872,127.1405894,
전일중학교 교사1동,C등급,전라북도 전주시 덕진구 모래내6길 36,35.8383053,127.1452047,
전일중학교 교사2동,C등급,전라북도 전주시 덕진구 모래내6길 36,35.8383053,127.1452047,
전주고등학교 기숙사 1,B등급,전라북도 전주시 완산구 권삼득로 2 전주고등학교,35.8253876,127.1518334,
전주고등학교 기숙사 2,C등급,전라북도 전주시 완산구 권삼득로 2 전주고등학교,35.8253876,127.1518334,
전주고등학교 대강당,B등급,전라북도 전주시 완산구 권삼득로 2 전주고등학교,35.8253876,127.1518334,
전주고등학교 본관동,B등급,전라북도 전주시 완산구 권삼득로 2 전주고등학교,35.8253876,127.1518334,
전주고등학교 체육관,B등급,전라북도 전주시 완산구 권삼득로 2 전주고등학교,35.8253876,127.1518334,
전주고등학교 후관(특별교사 : 과학동),B등급,전라북도 전주시 완산구 권삼득로 2 전주고등학교,35.8253876,127.1518334,
전주곤지중학교 본관,B등급,전라북도 전주시 완산구 매곡로 22 전주완산초등학교,35.810056,127.1438624,
전주공업고등학교 실습실/직업훈련동,C등급,전라북도 전주시 덕진구 여산로 101,35.8634209,127.0742709,
전주교육대학교 교육문화관,A등급,전라북도 전주시 완산구 서학로 50,35.8091378,127.155104,
전주교육대학교 기숙사,A등급,전라북도 전주시 완산구 천경로 11 ,35.8077841,127.1524219,
전주교육대학교 대학본부동,B등급,전라북도 전주시 완산구 서학로 50,35.8091378,127.155104,
전주교육대학교 도서관,A등급,전라북도 전주시 완산구 서학로 50,35.8091378,127.155104,
전주교육대학교 미술실과관,A등급,전라북도 전주시 완산구 서학로 70,35.8087179,127.1572938,
전주교육대학교 전산사회관,B등급,전라북도 전주시 완산구 서학로 50,35.8091378,127.155104,
전주교육대학교 학생회관,B등급,전라북도 전주시 완산구 서학로 50,35.8091378,127.155104,
전주교육대학교 황학당,B등급,전라북도 전주시 완산구 서학로 50,35.8091378,127.155104,
전주금암초등학교 교사1,B등급,전라북도 전주시 덕진구 권삼득로 210,35.8377291,127.1367111,
전주금암초등학교 교사2,B등급,전라북도 전주시 덕진구 권삼득로 210,35.8377291,127.1367111,
전주금평초등학교 교사1(본관),B등급,전라북도 전주시 덕진구 명주3길 16,35.8436243,127.1474158,
전주금평초등학교 교사2(서관),B등급,전라북도 전주시 덕진구 명주3길 16,35.8436243,127.1474158,
전주기린중학교 사무소건(본관동),B등급,전라북도 전주시 덕진구 동부대로 739,35.848752,127.1464411,
전주기린초등학교 교사4동,B등급,전라북도 전주시 덕진구 견훤로 260,35.8346915,127.1597066,
전주남중학교 본관(교사동),C등급,전라북도 전주시 완산구 덕적골2길 30 전주남중학교,35.7961131,127.1403075,
전주남초등학교 교사1동,B등급,전라북도 전주시 완산구 장승배기로 376 전주남초등학교,35.8034458,127.1507508,
전주남초등학교 교사3동,B등급,전라북도 전주시 완산구 장승배기로 376 전주남초등학교,35.8034458,127.1507508,
전주남초등학교 체육관,B등급,전라북도 전주시 완산구 장승배기로 376,35.8033598,127.1507905,
전주대성초등학교 교사동,B등급,전라북도 전주시 완산구 고덕산1길 20,35.7975438,127.1777827,
전주덕일중학교 본관(교실),C등급,전라북도 전주시 덕진구 하가로 67,35.8479425,127.1113458,
전주덕일초등학교 별관,B등급,전라북도 전주시 덕진구 하가로 71,35.8486913,127.1121699,
전주덕일초등학교 본관,C등급,전라북도 전주시 덕진구 하가로 71,35.8486913,127.1121699,
전주덕진초등학교 교실1(후관동),B등급,전라북도 전주시 덕진구 들사평로 61,35.8415348,127.1244393,
전주동북초등학교 본관,B등급,전라북도 전주시 덕진구 견훤왕궁로 227,35.8393814,127.1448157,
전주동북초등학교 후관,B등급,전라북도 전주시 덕진구 견훤왕궁로 227,35.8393814,127.1448157,
전주동신초등학교 사무소(본관동),B등급,전라북도 전주시 덕진구 우아9길 1 전주동신초등학교,35.8518012,127.1564156,
전주동중학교 강당,B등급,전라북도 전주시 덕진구 심방죽로 23,35.8386852,127.1503455,
전주동중학교 교사1,B등급,전라북도 전주시 덕진구 심방죽로 23 전주동중학교,35.8383027,127.1500555,
전주동중학교 교사2,B등급,전라북도 전주시 덕진구 심방죽로 23 전주동중학교,35.8383027,127.1500555,
전주동중학교 교사3,B등급,전라북도 전주시 덕진구 심방죽로 23 전주동중학교,35.8383027,127.1500555,
전주동초등학교 교사,B등급,전라북도 전주시 완산구 물왕멀로 72 전주동초등학교,35.8290261,127.1523055,
전주문정초등학교 교사동1(본관),C등급,전라북도 전주시 완산구 구이로 1979,35.7754577,127.1275964,
전주미산초등학교 교사1(본관),B등급,전라북도 전주시 덕진구 전미로 160 미산초등학교,35.8838799,127.1095026,
전주반월초등학교 본관,B등급,전라북도 전주시 덕진구 혁신로 707,35.8754945,127.0737894,
전주부설초등학교 본관동,A등급,전라북도 전주시 완산구 팔달로 74 전주교대부설초등학교,35.8084101,127.1510919,
전주부설초등학교 식당특별교실,A등급,전라북도 전주시 완산구 팔달로 74 전주교대부설초등학교,35.8084101,127.1510919,
전주부설초등학교 저학년동,A등급,전라북도 전주시 완산구 팔달로 74 전주교대부설초등학교,35.8084101,127.1510919,
전주북일초등학교 본관(1동),B등급,전라북도 전주시 덕진구 견훤로 336,35.8421911,127.1556956,
전주북초등학교 교사,B등급,전라북도 전주시 덕진구 견훤로 336,35.8421911,127.1556956,
전주삼천초등학교 본관,C등급,전라북도 전주시 완산구 성지산로 38,35.8007149,127.1234834,
전주상업정보고등학교 본관,B등급,전라북도 전주시 완산구 따박골2길 21 전주상업정보고등학교,35.8101667,127.125253,
전주생명과학고등학교 1본관 교실,B등급,전라북도 전주시 덕진구 안덕원로 195 전주생명과학고등학교,35.8399673,127.147606,
전주생명과학고등학교 2본관 교실,B등급,전라북도 전주시 덕진구 안덕원로 195 전주생명과학고등학교,35.8399673,127.147606,
전주생명과학고등학교 4본관,B등급,전라북도 전주시 덕진구 안덕원로 195 전주생명과학고등학교,35.8399673,127.147606,
전주생명과학고등학교 식품가공관 및 산업기계관,B등급,전라북도 전주시 덕진구 안덕원로 195 전주생명과학고등학교,35.8399673,127.147606,
전주서곡중학교 서곡중학교,B등급,전라북도 전주시 완산구 서곡6길 23,35.8356469,127.1039286,
전주서곡초등학교 교사동,B등급,전라북도 전주시 완산구 서곡7길 30,35.8328635,127.1005299,
전주서문초등학교 교사1동,B등급,전라북도 전주시 완산구 서신천변11길 19,35.8296648,127.1120554,
전주서문초등학교 교사2동,B등급,전라북도 전주시 완산구 서신천변11길 19,35.8296648,127.1120554,
전주서신중학교 교사,B등급,전라북도 전주시 완산구 안터2길 40,35.8287284,127.1167098,
전주서신초등학교 강당및 급식소,B등급,전라북도 전주시 완산구 전룡로 119,35.8297445,127.1247614,
전주서신초등학교 교사1동,B등급,전라북도 전주시 완산구 전룡로 119,35.8297445,127.1247614,
전주서신초등학교 교사2동,B등급,전라북도 전주시 완산구 전룡로 119,35.8297445,127.1247614,
전주서신초등학교 교사3동,B등급,전라북도 전주시 완산구 전룡로 119,35.8297445,127.1247614,
전주서원초등학교 교사1,A등급,전라북도 전주시 완산구 오두정길 45,35.8097765,127.1187742,
전주서원초등학교 교사2,B등급,전라북도 전주시 완산구 오두정길 45,35.8097765,127.1187742,
전주서원초등학교 교사3,A등급,전라북도 전주시 완산구 오두정길 45,35.8097765,127.1187742,
전주서일초등학교 교사1(본관),B등급,전라북도 전주시 완산구 새터로 73,35.8363631,127.1149615,
전주서일초등학교 교사2(별관),B등급,전라북도 전주시 완산구 새터로 73,35.8363631,127.1149615,
전주서중학교 교사 및 강당,C등급,전라북도 전주시 완산구 당산로 2 전주서중학교,35.8315528,127.1098928,
전주서천초등학교 교사동,B등급,전라북도 전주시 완산구 당산로 9,35.8322952,127.1085728,
전주선화학교 교사(본관),B등급,전라북도 전주시 완산구 효자로 39 전주선화학교,35.8203812,127.090368,
전주선화학교 교사(서관),B등급,전라북도 전주시 완산구 효자로 39 전주선화학교,35.8203812,127.090368,
전주선화학교 식생활관,B등급,전라북도 전주시 완산구 효자로 39 전주선화학교,35.8203812,127.090368,
전주솔내고등학교 교사동,B등급,전라북도 전주시 덕진구 송천중앙로 170,35.8627626,127.1230034,
전주솔내고등학교 기숙사,B등급,전라북도 전주시 덕진구 송천중앙로 170,35.8627626,127.1230034,
전주솔내고등학교 체육관(강당및급식실),B등급,전라북도 전주시 덕진구 송천중앙로 170,35.8627626,127.1230034,
전주솔빛중학교 급식실및교실,B등급,전라북도 전주시 덕진구 솔내6길 33,35.8592,127.124389,
전주솔빛중학교 본관,B등급,전라북도 전주시 덕진구 솔내6길 33,35.8592,127.124389,
전주송북초등학교 강당및급식소,B등급,전라북도 전주시 덕진구 천마산로 16,35.8633129,127.1244312,
전주송북초등학교 교사동,B등급,전라북도 전주시 덕진구 천마산로 16,35.8633129,127.1244312,
전주송천초등학교 교사동1(본관),B등급,전라북도 전주시 덕진구 송천1길 10 전주송천초등학교,35.8576601,127.1197604,
전주송천초등학교 교사동2(서관),B등급,전라북도 전주시 덕진구 송천1길 10 전주송천초등학교,35.8576601,127.1197604,
전주송천초등학교 교사동3(후관),B등급,전라북도 전주시 덕진구 송천1길 10 전주송천초등학교,35.8576601,127.1197604,
전주신동초등학교 강당/급식소,B등급,전라북도 전주시 덕진구 솔내로 211,35.8692108,127.1266286,
전주신동초등학교 교사동,B등급,전라북도 전주시 덕진구 솔내로 211,35.8692108,127.1266286,
전주신성초등학교 교사1동,B등급,전라북도 전주시 완산구 평화8길 16-36,35.790106,127.1341102,
전주신성초등학교 교사2동,B등급,전라북도 전주시 완산구 평화8길 16-36,35.790106,127.1341102,
전주신일중학교 본관동,B등급,전라북도 전주시 완산구 견훤왕궁2길 8,35.8291113,127.1524818,
전주아중초등학교 교사1,B등급,전라북도 전주시 덕진구 인교5길 23,35.828032,127.17536,
전주아중초등학교 교사2,B등급,전라북도 전주시 덕진구 인교5길 23,35.828032,127.17536,
전주양지중학교 본관,B등급,전라북도 전주시 완산구 양지2길 11-16,35.7920451,127.1244548,
전주양지초등학교 강당,C등급,전라북도 전주시 완산구 양지2길 11-26 양지초등학교,35.7924744,127.1260034,
전주양지초등학교 교사1,B등급,전라북도 전주시 완산구 양지2길 11-26 양지초등학교,35.7924744,127.1260034,
전주양지초등학교 교사2,B등급,전라북도 전주시 완산구 양지2길 11-26 양지초등학교,35.7924744,127.1260034,
전주여울초등학교 본관,B등급,전라북도 전주시 완산구 고사평8길 11,35.837488,127.1111857,
전주여자고등학교 강당,B등급,전라북도 전주시 덕진구 모래내6길 14 전주여자고등학교,35.8362484,127.1464424,
전주여자고등학교 교사(특별교실),B등급,전라북도 전주시 덕진구 모래내6길 14 전주여자고등학교,35.8362484,127.1464424,
전주여자고등학교 교사(후관),B등급,전라북도 전주시 덕진구 모래내6길 14 전주여자고등학교,35.8362484,127.1464424,
전주여자고등학교 식생활관,C등급,전라북도 전주시 덕진구 모래내6길 14 전주여자고등학교,35.8362484,127.1464424,
전주영어체험학습센터,C등급,전라북도 전주시 덕진구 건산로 205,35.8346915,127.1597066,
전주온고을중학교 제1동 본관,B등급,전라북도 전주시 덕진구 무삼지로 26,35.8294565,127.1657517,
전주온고을중학교 제2동 강당급식소,B등급,전라북도 전주시 덕진구 무삼지로 26,35.8294565,127.1657517,
전주완산서초등학교 본관,C등급,전라북도 전주시 완산구 안행로 127,35.806979,127.1332964,
전주완산초등학교 교사동1,B등급,전라북도 전주시 완산구 안행로 127,35.806979,127.1332964,
전주완산초등학교 교사동2,C등급,전라북도 전주시 완산구 안행로 127,35.806979,127.1332964,
전주용덕초등학교 교사 1동,B등급,전라북도 전주시 덕진구 용덕길 30,35.8769289,127.0516585,
전주용흥초등학교 교사,B등급,전라북도 전주시 완산구 삼천천변1길 16,35.7944584,127.1122348,
전주우아중학교 강당,B등급,전라북도 전주시 덕진구 호성로 6,35.8542576,127.1538705,
전주우아중학교 교사,C등급,전라북도 전주시 덕진구 호성로 6,35.8542576,127.1538705,
전주우전중학교 교사,B등급,전라북도 전주시 완산구 쑥고개로 375-28,35.8054944,127.1066794,
전주우전초등학교 교사1,B등급,전라북도 전주시 완산구 우전2길 11 우전초등학교,35.8055281,127.106866,
전주우전초등학교 교사2,B등급,전라북도 전주시 완산구 우전2길 11 우전초등학교,35.8055281,127.106866,
전주은화학교 교사동,C등급,전라북도 전주시 완산구 효자로 28-20 전주은화학교,35.8190261,127.0863398,
전주은화학교 기숙사동,B등급,전라북도 전주시 완산구 효자로 28-20 전주은화학교,35.8190261,127.0863398,
전주인봉초등학교 본관,B등급,전라북도 전주시 덕진구 무삼지로 7,35.8269357,127.1649923,
전주인후초등학교 인후초등학교 1동,B등급,전라북도 전주시 덕진구 무삼지로 67 인후초등학교,35.8315815,127.1625822,
전주인후초등학교 인후초등학교 3동|BU00083246,불명,전라북도 전주시 덕진구 무삼지로 67 인후초등학교,35.8315815,127.1625822,
전주장동초등학교 교사동3,B등급,전라북도 전주시 덕진구 원장동길 91-12 장동초등학교,35.8491609,127.0603415,
전주전라초등학교 본관동,B등급,전라북도 전주시 덕진구 심방죽로 24 전라초등학교,35.8391637,127.1522497,
전주전라초등학교 후관동,B등급,전라북도 전주시 덕진구 심방죽로 24 전라초등학교,35.8391637,127.1522497,
전주전일초등학교 강당,C등급,전라북도 전주시 덕진구 태진로 98,35.8301251,127.1375173,
전주전일초등학교 교사,B등급,전라북도 전주시 덕진구 태진로 98,35.8301251,127.1375173,
전주제일고등학교 과학관,B등급,전라북도 전주시 완산구 관선5길 15 전주제일고등학교,35.821542,127.1583634,
전주제일고등학교 본관,C등급,전라북도 전주시 완산구 관선5길 15 전주제일고등학교,35.821542,127.1583634,
전주조촌초등학교 교사 2동,C등급,전라북도 전주시 덕진구 쪽구름로 39,35.8696041,127.0759541,
전주조촌초등학교 교사 3동,B등급,전라북도 전주시 덕진구 쪽구름로 39,35.8696041,127.0759541,
전주조촌초등학교 교사 5동,C등급,전라북도 전주시 덕진구 쪽구름로 39,35.8696041,127.0759541,
전주중산초등학교 강당/급식소,B등급,전라북도 전주시 완산구 중산중앙로 9-10 전주중산초등학교,35.8170547,127.1196978,
전주중산초등학교 본관,B등급,전라북도 전주시 완산구 중산중앙로 9-10 전주중산초등학교,35.8170547,127.1196978,
전주중산초등학교 후관,B등급,전라북도 전주시 완산구 중산중앙로 9-10 전주중산초등학교,35.8170547,127.1196978,
전주중앙중학교 강당,C등급,전라북도 전주시 덕진구 공북2길 20 전주중앙중학교,35.8277482,127.1387791,
전주중앙중학교 본관(교사1),B등급,전라북도 전주시 덕진구 공북2길 20 전주중앙중학교,35.8277482,127.1387791,
전주중앙초등학교 중앙초등학교,B등급,전라북도 전주시 완산구 경기전길 99 전주중앙초등학교,35.8149209,127.1513097,
전주중인초등학교 교사동1,C등급,전라북도 전주시 완산구 중인1길 80 전주중인초등학교,35.7710598,127.0975067,
전주중학교 교사,B등급,전라북도 전주시 덕진구 솔내5길 9 전주중학교,35.8577999,127.1226965,
전주중학교 급식소 및 교실,B등급,전라북도 전주시 덕진구 솔내5길 9 전주중학교,35.8577999,127.1226965,
전주진북초등학교 본관,B등급,전라북도 전주시 덕진구 진북1길 11 진북초등학교,35.8262205,127.1318631,
전주진북초등학교 후관,B등급,전라북도 전주시 덕진구 진북1길 11 진북초등학교,35.8262205,127.1318631,
전주초등학교 교사1,C등급,전라북도 전주시 완산구 대동로 33 전주초등학교,35.8221567,127.1394975,
전주초등학교 교사3,C등급,전라북도 전주시 완산구 대동로 33 전주초등학교,35.8221567,127.1394975,
전주초등학교 교사4,C등급,전라북도 전주시 완산구 대동로 33 전주초등학교,35.8221567,127.1394975,
전주초포초등학교 교사,B등급,전라북도 전주시 덕진구 초포로 171,35.87714,127.1396902,
전주팔복초등학교 본관,B등급,전라북도 전주시 덕진구 팔과정로 181,35.8637005,127.094642,
전주평화중학교 교사,A등급,전라북도 전주시 완산구 평화로 74,35.7830969,127.1340391,
전주평화초등학교 교사1,B등급,전라북도 전주시 완산구 꽃밭정로 65,35.799645,127.1390639,
전주평화초등학교 다목적강당,B등급,전라북도 전주시 완산구 꽃밭정로 65,35.799645,127.1390639,
전주풍남중학교 본관,C등급,전라북도 전주시 완산구 거마평로 83 풍남중학교,35.8001122,127.1160042,
전주풍남중학교 신관,B등급,전라북도 전주시 완산구 거마평로 83 풍남중학교,35.8001122,127.1160042,
전주풍남초등학교 교사 1동,C등급,전라북도 전주시 완산구 견훤왕궁로 16,35.8220384,127.1537212,
전주풍남초등학교 교사 2동,B등급,전라북도 전주시 완산구 견훤왕궁로 16,35.8220384,127.1537212,
전주한들초등학교 교사동,C등급,전라북도 전주시 완산구 화산천변8길 10,35.8210843,127.1170512,
전주호성중학교 교사1동(본관),B등급,전라북도 전주시 덕진구 배미실마을길 23,35.8642084,127.1571452,
전주화산초등학교 교사1,C등급,전라북도 전주시 완산구 따박골7길 20,35.8095272,127.129583,
전주화산초등학교 교사2,C등급,전라북도 전주시 완산구 따박골7길 20,35.8095272,127.129583,
전주효림초등학교,B등급,전라북도 전주시 완산구 강변로 128 효림초등학교,35.8028063,127.1135321,
전주효문초등학교 교사,B등급,전라북도 전주시 완산구 강변로 128 효림초등학교,35.8028063,127.1135321,
전주효자초등학교 교사동1,B등급,전라북도 전주시 완산구 송정로 47,35.8032999,127.1227403,
전주효정중학교 교사,B등급,전라북도 전주시 완산구 안행로 127,35.806979,127.1332964,
전주효정중학교 다목적교실(강당),B등급,전라북도 전주시 완산구 안행로 127,35.806979,127.1332964,
하수처리장,B등급,전라북도 전주시 덕진구 고내천변로 58 전주환경사업소및위생처리장,35.8763807,127.1045033,
한국전통문화고등학교 강당,C등급,전라북도 전주시 완산구 중인1길 68-13 한국전통문화고등학교,35.7725319,127.0978122,
한국전통문화고등학교 기숙사및급식실,C등급,전라북도 전주시 완산구 중인1길 68-13 한국전통문화고등학교,35.7725319,127.0978122,
한국전통문화고등학교 본관동,C등급,전라북도 전주시 완산구 중인1길 68-13 한국전통문화고등학교,35.7725319,127.0978122,
농수산물도매시장(수산동),B등급,,35.8673984,127.1175166,
화산체육관(종합관),B등급,,35.8213814,127.1242777,
화산체육관(빙상장),B등급,,35.8213814,127.1242777,
전북대학교병원 본관동,B등급,,35.8471872,127.1405894,
전주종합운동장,C등급,,35.8382206,127.125162,
전주실내체육관,C등급,,35.844182,127.1292776,
전주실내수영장,C등급,,35.8403337,127.1255937,
전주완산실내수영장,B등급,,35.80262,127.1060566,
농수산물도매시장(청과동),B등급,,35.8688054,127.1180248,
국립전주박물관,B등급,,35.8010305,127.0901371,
전북대학교병원 응급센터,B등급,,35.8471872,127.1405894,
진료지원센터 및 암센터,B등급,,35.8471872,127.1405894,
농업과학관,B등급,,35.8322059,127.0567255,
노인보건의료센터 및 권역응급센터,B등급,,35.8471872,127.1405894,
어린이병원 및 호흡기질환전문센터,A등급,,35.8471872,127.1405894,
국립무형유산원,B등급,,35.8101967,127.1606098,
국민연금공단,B등급,,35.8333833,127.1217053,
한국토지주택공사 전북지역본부 사옥한국토지주택공사 전북지역본부,B등급,,35.8074327,127.1049361,
전라북도청사,B등급,,35.8197638,127.1081298,
전주월드컵경기장,B등급,,35.8650602,127.0636731,
전북 전주시 덕진구 전주천동로 498,D등급,,35.8365218,127.1310205,
전북 전주시 덕진구 전주천동로 500-1,E등급,,35.836566,127.1312712,
전북 전주시 덕진구 기린대로 398,D등급,,35.8376269,127.1325348,
전북 전주시 덕진구 기린대로 400-29,D등급,,35.8381581,127.1326995,
전북 전주시 덕진구 기린대로 400-63,E등급,,35.8383123,127.1329723,
전라북도 전주시 덕진구 백제대로 639,D등급,,35.8429961,127.1393284,
전북 전주시 덕진구 조경단로 100,E등급,,35.8432105,127.1390616,
전북 전주시 덕진구 건지3길 10-6,D등급,,35.8449406,127.1448047,
전북 전주시 덕진구 백동5길 18 1층,D등급,,35.8475299,127.1502545,
전북 전주시 덕진구 인교9길 8,D등급,,35.8257236,127.1737603,
전라북도 전주시 완산구 마당재2길 17-6,E등급,,35.8205927,127.1603986,
전라북도 전주시 완산구 낙수정2길 9-12,E등급,,35.8156191,127.1617955,
전라북도 전주시 완산구 간납대2길 16,D등급,,35.8167225,127.1579606,
